{
    "hand":{
        "0":"wrist",
        "1":"thumb_cmc",
        "2":"thumb_mcp",
        "3":"thumb_ip",
        "4":"thumb_tip",
        "5":"index_finger_mcp",
        "6":"index_finger_pip",
        "7":"index_finger_dip",
        "8":"index_finger_tip",
        "9":"middle_finger_mcp",
        "10":"middle_finger_pip",
        "11":"middle_finger_dip",
        "12":"middle_finger_tip",
        "13":"ring_finger_mcp",
        "14":"ring_finger_pip",
        "15":"ring_finger_dip",
        "16":"ring_finger_tip",
        "17":"pinky_mcp",
        "18":"pinky_pip",
        "19":"pinky_dip",
        "20":"pinky_tip",
        "21":"driver_thumb_cmc",
        "22":"driver_thumb_mcp",
        "23":"driver_thumb_ip",
        "24":"driver_thumb_tip",
        "25":"driver_index_finger_mcp",
        "26":"driver_index_finger_pip",
        "27":"driver_index_finger_dip",
        "28":"driver_index_finger_tip",
        "29":"driver_middle_finger_mcp",
        "30":"driver_middle_finger_pip",
        "31":"driver_middle_finger_dip",
        "32":"driver_middle_finger_tip",
        "33":"driver_ring_finger_mcp",
        "34":"driver_ring_finger_pip",
        "35":"driver_ring_finger_dip",
        "36":"driver_ring_finger_tip",
        "37":"driver_pinky_mcp",
        "38":"driver_pinky_pip",
        "39":"driver_pinky_dip",
        "40":"driver_pinky_tip"
    }
}