{
    "pose":{
        "0":"nose",
        "1":"left_eye_inner",
        "2":"left_eye",
        "3":"left_eye_outer",
        "4":"right_eye_inner",
        "5":"right_eye",
        "6":"right_eye_outer",
        "7":"left_ear",
        "8":"right_ear",
        "9":"mouth_left",
        "10":"mouth_right",
        "11":"left_shoulder",
        "12":"right_shoulder",
        "13":"left_elbow",
        "14":"right_elbow",
        "15":"left_wrist",
        "16":"right_wrist",
        "17":"left_pinky",
        "18":"right_pinky",
        "19":"left_index",
        "20":"right_index",
        "21":"left_thumb",
        "22":"right_thumb",
        "23":"left_hip",
        "24":"right_hip",
        "25":"left_knee",
        "26":"right_knee",
        "27":"left_ankle",
        "28":"right_ankle",
        "29":"left_heel",
        "30":"right_heel",
        "31":"left_foot_index",
        "32":"right_foot_index",
        "33":"hip_center",
        "34":"shoulder_center",
        "35":"shoulder_center_ik",
        "36":"left_shoulder_ik",
        "37":"right_shoulder_ik",
        "38":"left_forearm_ik",
        "39":"right_forearm_ik",
        "40":"left_hand_ik",
        "41":"right_hand_ik",
        "42":"left_index_ik",
        "43":"right_index_ik",
        "44":"hip_center_ik",
        "45":"left_hip_ik",
        "46":"right_hip_ik",
        "47":"left_shin_ik",
        "48":"right_shin_ik",
        "49":"left_foot_ik",
        "50":"right_foot_ik",
        "51":"left_foot_index_ik",
        "52":"right_foot_index_ik"
    }
}